"","Depth","Metric","Value","Period","Model"
"1",0.9,"rmse",0.944532736808861,"calibration","GLM"
"2",0.9,"nse",0.957710507481384,"calibration","GLM"
"3",0.9,"r",0.989911699418388,"calibration","GLM"
"4",0.9,"bias",-0.525967025625113,"calibration","GLM"
"5",0.9,"mae",0.796635603377832,"calibration","GLM"
"6",0.9,"nmae",0.0867154067151972,"calibration","GLM"
"7",0.9,"mse",0.892142090903638,"calibration","GLM"
"8",0.9,"ame",3.50460529327393,"calibration","GLM"
"9",0.9,"mrme",-0.0703552275850992,"calibration","GLM"
"10",0.9,"nme",-0.0463694855267063,"calibration","GLM"
"11",2.5,"rmse",0.789431995374885,"calibration","GLM"
"12",2.5,"nse",0.969967295993367,"calibration","GLM"
"13",2.5,"r",0.992647547488422,"calibration","GLM"
"14",2.5,"bias",-0.334707268035214,"calibration","GLM"
"15",2.5,"mae",0.668684202004533,"calibration","GLM"
"16",2.5,"nmae",0.0731955429226859,"calibration","GLM"
"17",2.5,"mse",0.623202875321572,"calibration","GLM"
"18",2.5,"ame",2.21466064453125,"calibration","GLM"
"19",2.5,"mrme",-0.0525667604421638,"calibration","GLM"
"20",2.5,"nme",-0.0300336717261332,"calibration","GLM"
"21",5,"rmse",0.76226529345383,"calibration","GLM"
"22",5,"nse",0.969613772853197,"calibration","GLM"
"23",5,"r",0.994834869768831,"calibration","GLM"
"24",5,"bias",-0.130276936193856,"calibration","GLM"
"25",5,"mae",0.631363047420649,"calibration","GLM"
"26",5,"nmae",0.0683685389735159,"calibration","GLM"
"27",5,"mse",0.581048377604254,"calibration","GLM"
"28",5,"ame",3.3219108581543,"calibration","GLM"
"29",5,"mrme",-0.0367884162192878,"calibration","GLM"
"30",5,"nme",-0.0119305509445414,"calibration","GLM"
"31",8,"rmse",1.07508349357988,"calibration","GLM"
"32",8,"nse",0.931386198623953,"calibration","GLM"
"33",8,"r",0.986864294479364,"calibration","GLM"
"34",8,"bias",0.0242481383170871,"calibration","GLM"
"35",8,"mae",0.775771550052074,"calibration","GLM"
"36",8,"nmae",0.0795107082244495,"calibration","GLM"
"37",8,"mse",1.15580451816792,"calibration","GLM"
"38",8,"ame",5.07713413238525,"calibration","GLM"
"39",8,"mrme",-0.0265723025035775,"calibration","GLM"
"40",8,"nme",0.00226181944107252,"calibration","GLM"
"41",11,"rmse",1.09170660892614,"calibration","GLM"
"42",11,"nse",0.921435746652215,"calibration","GLM"
"43",11,"r",0.988430663126822,"calibration","GLM"
"44",11,"bias",0.142685950790321,"calibration","GLM"
"45",11,"mae",0.822586412587877,"calibration","GLM"
"46",11,"nmae",0.081854629050517,"calibration","GLM"
"47",11,"mse",1.19182331997302,"calibration","GLM"
"48",11,"ame",3.71708583831787,"calibration","GLM"
"49",11,"mrme",-0.0160804074024215,"calibration","GLM"
"50",11,"nme",0.0136208574414002,"calibration","GLM"
"51",14,"rmse",1.09750712488845,"calibration","GLM"
"52",14,"nse",0.907288679408923,"calibration","GLM"
"53",14,"r",0.983601028697848,"calibration","GLM"
"54",14,"bias",0.165822264239274,"calibration","GLM"
"55",14,"mae",0.805512542224062,"calibration","GLM"
"56",14,"nmae",0.0817879098851673,"calibration","GLM"
"57",14,"mse",1.2045218891809,"calibration","GLM"
"58",14,"ame",4.25797462463379,"calibration","GLM"
"59",14,"mrme",-0.0108991454414744,"calibration","GLM"
"60",14,"nme",0.0163014386363382,"calibration","GLM"
"61",16,"rmse",1.08474566405328,"calibration","GLM"
"62",16,"nse",0.898347308794827,"calibration","GLM"
"63",16,"r",0.975379590427085,"calibration","GLM"
"64",16,"bias",0.0581390666698224,"calibration","GLM"
"65",16,"mae",0.788431083958452,"calibration","GLM"
"66",16,"nmae",0.0832681724156645,"calibration","GLM"
"67",16,"mse",1.17667315568239,"calibration","GLM"
"68",16,"ame",3.4803581237793,"calibration","GLM"
"69",16,"mrme",-0.0180569836994282,"calibration","GLM"
"70",16,"nme",0.00580135362757784,"calibration","GLM"
"71",18,"rmse",1.05642329097946,"calibration","GLM"
"72",18,"nse",0.892711939275771,"calibration","GLM"
"73",18,"r",0.968198918920998,"calibration","GLM"
"74",18,"bias",-0.0254557172237839,"calibration","GLM"
"75",18,"mae",0.763591481835803,"calibration","GLM"
"76",18,"nmae",0.0816117030357019,"calibration","GLM"
"77",18,"mse",1.11603016972388,"calibration","GLM"
"78",18,"ame",3.32171249389648,"calibration","GLM"
"79",18,"mrme",-0.0222470118701827,"calibration","GLM"
"80",18,"nme",-0.00259253783892624,"calibration","GLM"
"81",20,"rmse",0.881113362430767,"calibration","GLM"
"82",20,"nse",0.916166038593823,"calibration","GLM"
"83",20,"r",0.973983835697515,"calibration","GLM"
"84",20,"bias",-0.206005970417465,"calibration","GLM"
"85",20,"mae",0.712387760041168,"calibration","GLM"
"86",20,"nmae",0.0801793154169917,"calibration","GLM"
"87",20,"mse",0.776360757454052,"calibration","GLM"
"88",20,"ame",2.57756900787354,"calibration","GLM"
"89",20,"mrme",-0.037909245714501,"calibration","GLM"
"90",20,"nme",-0.0212472258284232,"calibration","GLM"
"91",22,"rmse",0.774175492071233,"calibration","GLM"
"92",22,"nse",0.928199211059261,"calibration","GLM"
"93",22,"r",0.980107929718884,"calibration","GLM"
"94",22,"bias",-0.208858677695469,"calibration","GLM"
"95",22,"mae",0.638355413853134,"calibration","GLM"
"96",22,"nmae",0.0748889571108272,"calibration","GLM"
"97",22,"mse",0.599347692523735,"calibration","GLM"
"98",22,"ame",2.01461029052734,"calibration","GLM"
"99",22,"mrme",-0.0383787065337295,"calibration","GLM"
"100",22,"nme",-0.0218857249400484,"calibration","GLM"
"101",27,"rmse",0.805947082467467,"calibration","GLM"
"102",27,"nse",0.909023563961709,"calibration","GLM"
"103",27,"r",0.973702203781394,"calibration","GLM"
"104",27,"bias",-0.481341430495457,"calibration","GLM"
"105",27,"mae",0.61018967760202,"calibration","GLM"
"106",27,"nmae",0.0727493398896107,"calibration","GLM"
"107",27,"mse",0.649550699737822,"calibration","GLM"
"108",27,"ame",3.10497283935547,"calibration","GLM"
"109",27,"mrme",-0.0613635140452183,"calibration","GLM"
"110",27,"nme",-0.0513783826590889,"calibration","GLM"
"111",32,"rmse",0.743490620395827,"calibration","GLM"
"112",32,"nse",0.912467585583166,"calibration","GLM"
"113",32,"r",0.979535697588276,"calibration","GLM"
"114",32,"bias",-0.500353798023245,"calibration","GLM"
"115",32,"mae",0.599773976684275,"calibration","GLM"
"116",32,"nmae",0.0736417476066969,"calibration","GLM"
"117",32,"mse",0.552778302616571,"calibration","GLM"
"118",32,"ame",2.66657161712646,"calibration","GLM"
"119",32,"mrme",-0.0642897268679183,"calibration","GLM"
"120",32,"nme",-0.0541913875889926,"calibration","GLM"
"121",42,"rmse",0.777951716566429,"calibration","GLM"
"122",42,"nse",0.893522485055634,"calibration","GLM"
"123",42,"r",0.969351653908018,"calibration","GLM"
"124",42,"bias",-0.43839454123987,"calibration","GLM"
"125",42,"mae",0.631957768076691,"calibration","GLM"
"126",42,"nmae",0.0767545005820777,"calibration","GLM"
"127",42,"mse",0.605208873308653,"calibration","GLM"
"128",42,"ame",2.23775291442871,"calibration","GLM"
"129",42,"mrme",-0.0577251970389557,"calibration","GLM"
"130",42,"nme",-0.0485779886026704,"calibration","GLM"
"131",0.9,"rmse",0.654933300204168,"calibration","GOTM"
"132",0.9,"nse",0.979668322387266,"calibration","GOTM"
"133",0.9,"r",0.996595346946591,"calibration","GOTM"
"134",0.9,"bias",-0.498828338754588,"calibration","GOTM"
"135",0.9,"mae",0.554039872925857,"calibration","GOTM"
"136",0.9,"nmae",0.0635886706430172,"calibration","GOTM"
"137",0.9,"mse",0.428937627716323,"calibration","GOTM"
"138",0.9,"ame",2.5637092590332,"calibration","GOTM"
"139",0.9,"mrme",-0.0600563565136249,"calibration","GOTM"
"140",0.9,"nme",-0.0440019142379894,"calibration","GOTM"
"141",2.5,"rmse",0.554503505398102,"calibration","GOTM"
"142",2.5,"nse",0.985183645152556,"calibration","GOTM"
"143",2.5,"r",0.996661412656501,"calibration","GOTM"
"144",2.5,"bias",-0.393523362258385,"calibration","GOTM"
"145",2.5,"mae",0.437056450679384,"calibration","GOTM"
"146",2.5,"nmae",0.0501323190190876,"calibration","GOTM"
"147",2.5,"mse",0.307474137498783,"calibration","GOTM"
"148",2.5,"ame",2.10350608825684,"calibration","GOTM"
"149",2.5,"mrme",-0.0471594557592716,"calibration","GOTM"
"150",2.5,"nme",-0.035331770744682,"calibration","GOTM"
"151",5,"rmse",0.568225510492572,"calibration","GOTM"
"152",5,"nse",0.983115655676721,"calibration","GOTM"
"153",5,"r",0.995284339715222,"calibration","GOTM"
"154",5,"bias",-0.374359917476259,"calibration","GOTM"
"155",5,"mae",0.416630900152798,"calibration","GOTM"
"156",5,"nmae",0.046032077636487,"calibration","GOTM"
"157",5,"mse",0.322880230774544,"calibration","GOTM"
"158",5,"ame",2.89151573181152,"calibration","GOTM"
"159",5,"mrme",-0.0428355947912868,"calibration","GOTM"
"160",5,"nme",-0.0343025767907717,"calibration","GOTM"
"161",8,"rmse",0.644406882849029,"calibration","GOTM"
"162",8,"nse",0.975350771676813,"calibration","GOTM"
"163",8,"r",0.99306122610151,"calibration","GOTM"
"164",8,"bias",-0.422170367405332,"calibration","GOTM"
"165",8,"mae",0.490092649130986,"calibration","GOTM"
"166",8,"nmae",0.0526633430099555,"calibration","GOTM"
"167",8,"mse",0.415260230663202,"calibration","GOTM"
"168",8,"ame",2.26499366760254,"calibration","GOTM"
"169",8,"mrme",-0.0477602510907741,"calibration","GOTM"
"170",8,"nme",-0.0394008083208339,"calibration","GOTM"
"171",11,"rmse",0.652117405101861,"calibration","GOTM"
"172",11,"nse",0.971969568947835,"calibration","GOTM"
"173",11,"r",0.991865671749787,"calibration","GOTM"
"174",11,"bias",-0.422817246009564,"calibration","GOTM"
"175",11,"mae",0.473254881234005,"calibration","GOTM"
"176",11,"nmae",0.0506273724391839,"calibration","GOTM"
"177",11,"mse",0.425257110036784,"calibration","GOTM"
"178",11,"ame",2.31836223602295,"calibration","GOTM"
"179",11,"mrme",-0.0467293109980181,"calibration","GOTM"
"180",11,"nme",-0.0403836219010962,"calibration","GOTM"
"181",14,"rmse",0.542956669442273,"calibration","GOTM"
"182",14,"nse",0.977311394941672,"calibration","GOTM"
"183",14,"r",0.993797918309246,"calibration","GOTM"
"184",14,"bias",-0.35662410736084,"calibration","GOTM"
"185",14,"mae",0.415339575142696,"calibration","GOTM"
"186",14,"nmae",0.0471249245409275,"calibration","GOTM"
"187",14,"mse",0.294801944891845,"calibration","GOTM"
"188",14,"ame",1.8612232208252,"calibration","GOTM"
"189",14,"mrme",-0.042417757313672,"calibration","GOTM"
"190",14,"nme",-0.0350762645609657,"calibration","GOTM"
"191",16,"rmse",0.537640508262802,"calibration","GOTM"
"192",16,"nse",0.975031846760783,"calibration","GOTM"
"193",16,"r",0.994011089535372,"calibration","GOTM"
"194",16,"bias",-0.357883406671984,"calibration","GOTM"
"195",16,"mae",0.415767583518193,"calibration","GOTM"
"196",16,"nmae",0.0494166509040298,"calibration","GOTM"
"197",16,"mse",0.289057316125084,"calibration","GOTM"
"198",16,"ame",1.93983745574951,"calibration","GOTM"
"199",16,"mrme",-0.0448941328554794,"calibration","GOTM"
"200",16,"nme",-0.0357286368840712,"calibration","GOTM"
"201",18,"rmse",0.573521471563078,"calibration","GOTM"
"202",18,"nse",0.968385909865381,"calibration","GOTM"
"203",18,"r",0.990916448598438,"calibration","GOTM"
"204",18,"bias",-0.303452607516585,"calibration","GOTM"
"205",18,"mae",0.44337214502795,"calibration","GOTM"
"206",18,"nmae",0.0516703362187109,"calibration","GOTM"
"207",18,"mse",0.328926878343879,"calibration","GOTM"
"208",18,"ame",1.92729187011719,"calibration","GOTM"
"209",18,"mrme",-0.0406304697475399,"calibration","GOTM"
"210",18,"nme",-0.0309202147020508,"calibration","GOTM"
"211",20,"rmse",0.680801190736026,"calibration","GOTM"
"212",20,"nse",0.949958372404286,"calibration","GOTM"
"213",20,"r",0.985724408591868,"calibration","GOTM"
"214",20,"bias",-0.316923103990226,"calibration","GOTM"
"215",20,"mae",0.545083754309292,"calibration","GOTM"
"216",20,"nmae",0.0624765229896591,"calibration","GOTM"
"217",20,"mse",0.463490261307591,"calibration","GOTM"
"218",20,"ame",2.0678882598877,"calibration","GOTM"
"219",20,"mrme",-0.0443045077090084,"calibration","GOTM"
"220",20,"nme",-0.0327020178875043,"calibration","GOTM"
"221",22,"rmse",0.760930624620813,"calibration","GOTM"
"222",22,"nse",0.930645720936274,"calibration","GOTM"
"223",22,"r",0.979571909530317,"calibration","GOTM"
"224",22,"bias",-0.284286962706467,"calibration","GOTM"
"225",22,"mae",0.617929046236236,"calibration","GOTM"
"226",22,"nmae",0.0693774167881277,"calibration","GOTM"
"227",22,"mse",0.579015415485821,"calibration","GOTM"
"228",22,"ame",2.12010669708252,"calibration","GOTM"
"229",22,"mrme",-0.0423354370469059,"calibration","GOTM"
"230",22,"nme",-0.0298027812007588,"calibration","GOTM"
"231",27,"rmse",0.927173424504904,"calibration","GOTM"
"232",27,"nse",0.879620587906306,"calibration","GOTM"
"233",27,"r",0.964633388392907,"calibration","GOTM"
"234",27,"bias",-0.315074509587781,"calibration","GOTM"
"235",27,"mae",0.752626753839953,"calibration","GOTM"
"236",27,"nmae",0.08401415903458,"calibration","GOTM"
"237",27,"mse",0.859650559108151,"calibration","GOTM"
"238",27,"ame",2.47727966308594,"calibration","GOTM"
"239",27,"mrme",-0.0469068509576268,"calibration","GOTM"
"240",27,"nme",-0.033645211967167,"calibration","GOTM"
"241",32,"rmse",0.978509823468154,"calibration","GOTM"
"242",32,"nse",0.848411262138352,"calibration","GOTM"
"243",32,"r",0.959489017519254,"calibration","GOTM"
"244",32,"bias",-0.310442715348869,"calibration","GOTM"
"245",32,"mae",0.811805356782058,"calibration","GOTM"
"246",32,"nmae",0.0906487156230328,"calibration","GOTM"
"247",32,"mse",0.957481474623677,"calibration","GOTM"
"248",32,"ame",2.24541282653809,"calibration","GOTM"
"249",32,"mrme",-0.047975908156613,"calibration","GOTM"
"250",32,"nme",-0.03363631867492,"calibration","GOTM"
"251",42,"rmse",0.998896453618664,"calibration","GOTM"
"252",42,"nse",0.824487541633708,"calibration","GOTM"
"253",42,"r",0.954822028463277,"calibration","GOTM"
"254",42,"bias",-0.247093085584969,"calibration","GOTM"
"255",42,"mae",0.82769007649915,"calibration","GOTM"
"256",42,"nmae",0.0922619129121826,"calibration","GOTM"
"257",42,"mse",0.997794125051944,"calibration","GOTM"
"258",42,"ame",2.21609210968018,"calibration","GOTM"
"259",42,"mrme",-0.0419099754801067,"calibration","GOTM"
"260",42,"nme",-0.0273907746995783,"calibration","GOTM"
"261",0.9,"rmse",0.487209647045074,"calibration","Simstrat"
"262",0.9,"nse",0.98874848956759,"calibration","Simstrat"
"263",0.9,"r",0.995492888637126,"calibration","Simstrat"
"264",0.9,"bias",-0.127977138387746,"calibration","Simstrat"
"265",0.9,"mae",0.400623980555041,"calibration","Simstrat"
"266",0.9,"nmae",0.04189603951225,"calibration","Simstrat"
"267",0.9,"mse",0.237373240173786,"calibration","Simstrat"
"268",0.9,"ame",1.5930004119873,"calibration","Simstrat"
"269",0.9,"mrme",-0.0191090336420001,"calibration","Simstrat"
"270",0.9,"nme",-0.0112889317431729,"calibration","Simstrat"
"271",2.5,"rmse",0.448886631228172,"calibration","Simstrat"
"272",2.5,"nse",0.990290293073168,"calibration","Simstrat"
"273",2.5,"r",0.996113040401343,"calibration","Simstrat"
"274",2.5,"bias",0.0597586414731782,"calibration","Simstrat"
"275",2.5,"mae",0.363752007320009,"calibration","Simstrat"
"276",2.5,"nmae",0.0363063367773371,"calibration","Simstrat"
"277",2.5,"mse",0.201499207695377,"calibration","Simstrat"
"278",2.5,"ame",1.49200057983398,"calibration","Simstrat"
"279",2.5,"mrme",0.000230041130872398,"calibration","Simstrat"
"280",2.5,"nme",0.00536531963039506,"calibration","Simstrat"
"281",5,"rmse",0.45169180791001,"calibration","Simstrat"
"282",5,"nse",0.989330915044379,"calibration","Simstrat"
"283",5,"r",0.995482987402057,"calibration","Simstrat"
"284",5,"bias",0.0980637602970518,"calibration","Simstrat"
"285",5,"mae",0.356577701568604,"calibration","Simstrat"
"286",5,"nmae",0.0356374829128027,"calibration","Simstrat"
"287",5,"mse",0.204025489333013,"calibration","Simstrat"
"288",5,"ame",1.44999980926514,"calibration","Simstrat"
"289",5,"mrme",0.00655416284371413,"calibration","Simstrat"
"290",5,"nme",0.00898557647586502,"calibration","Simstrat"
"291",8,"rmse",0.550543814757823,"calibration","Simstrat"
"292",8,"nse",0.982008525302307,"calibration","Simstrat"
"293",8,"r",0.991102981820033,"calibration","Simstrat"
"294",8,"bias",-0.0646970702861917,"calibration","Simstrat"
"295",8,"mae",0.408408295861606,"calibration","Simstrat"
"296",8,"nmae",0.039883419791096,"calibration","Simstrat"
"297",8,"mse",0.303098491968096,"calibration","Simstrat"
"298",8,"ame",2.32500076293945,"calibration","Simstrat"
"299",8,"mrme",-0.0051988502705385,"calibration","Simstrat"
"300",8,"nme",-0.00603812361566891,"calibration","Simstrat"
"301",11,"rmse",0.680203603628182,"calibration","Simstrat"
"302",11,"nse",0.969503075135104,"calibration","Simstrat"
"303",11,"r",0.986023033997016,"calibration","Simstrat"
"304",11,"bias",-0.164469674209069,"calibration","Simstrat"
"305",11,"mae",0.456581374858988,"calibration","Simstrat"
"306",11,"nmae",0.0432047768942789,"calibration","Simstrat"
"307",11,"mse",0.462676942388765,"calibration","Simstrat"
"308",11,"ame",2.57299995422363,"calibration","Simstrat"
"309",11,"mrme",-0.00999870569117578,"calibration","Simstrat"
"310",11,"nme",-0.0157086334584026,"calibration","Simstrat"
"311",14,"rmse",0.652687401600756,"calibration","Simstrat"
"312",14,"nse",0.967214039539992,"calibration","Simstrat"
"313",14,"r",0.985289665434425,"calibration","Simstrat"
"314",14,"bias",-0.164740413139606,"calibration","Simstrat"
"315",14,"mae",0.454298204224685,"calibration","Simstrat"
"316",14,"nmae",0.0439278560830977,"calibration","Simstrat"
"317",14,"mse",0.426000844208347,"calibration","Simstrat"
"318",14,"ame",2.77699947357178,"calibration","Simstrat"
"319",14,"mrme",-0.00976164242903443,"calibration","Simstrat"
"320",14,"nme",-0.0162032745288328,"calibration","Simstrat"
"321",16,"rmse",0.553442832369334,"calibration","Simstrat"
"322",16,"nse",0.973542549657415,"calibration","Simstrat"
"323",16,"r",0.988502586812556,"calibration","Simstrat"
"324",16,"bias",-0.174183031279465,"calibration","Simstrat"
"325",16,"mae",0.415801240329085,"calibration","Simstrat"
"326",16,"nmae",0.0417099651017231,"calibration","Simstrat"
"327",16,"mse",0.30629896870099,"calibration","Simstrat"
"328",16,"ame",2.36599922180176,"calibration","Simstrat"
"329",16,"mrme",-0.0129740865855438,"calibration","Simstrat"
"330",16,"nme",-0.0173892451003038,"calibration","Simstrat"
"331",18,"rmse",0.471083015234256,"calibration","Simstrat"
"332",18,"nse",0.978670718988725,"calibration","Simstrat"
"333",18,"r",0.989665066948382,"calibration","Simstrat"
"334",18,"bias",-0.0810678593865756,"calibration","Simstrat"
"335",18,"mae",0.353758344321415,"calibration","Simstrat"
"336",18,"nmae",0.0376428369520221,"calibration","Simstrat"
"337",18,"mse",0.221919207242198,"calibration","Simstrat"
"338",18,"ame",2.15700054168701,"calibration","Simstrat"
"339",18,"mrme",-0.00532024365500568,"calibration","Simstrat"
"340",18,"nme",-0.00826038582493178,"calibration","Simstrat"
"341",20,"rmse",0.435931010404844,"calibration","Simstrat"
"342",20,"nse",0.979482410266481,"calibration","Simstrat"
"343",20,"r",0.990016144896208,"calibration","Simstrat"
"344",20,"bias",-0.0409844128838901,"calibration","Simstrat"
"345",20,"mae",0.337974760121313,"calibration","Simstrat"
"346",20,"nmae",0.0369358062959162,"calibration","Simstrat"
"347",20,"mse",0.190035845832588,"calibration","Simstrat"
"348",20,"ame",1.4128999710083,"calibration","Simstrat"
"349",20,"mrme",-0.0047530563905039,"calibration","Simstrat"
"350",20,"nme",-0.00422901639660568,"calibration","Simstrat"
"351",22,"rmse",0.44669337863144,"calibration","Simstrat"
"352",22,"nse",0.97609976533397,"calibration","Simstrat"
"353",22,"r",0.989789913644407,"calibration","Simstrat"
"354",22,"bias",0.0500915665462099,"calibration","Simstrat"
"355",22,"mae",0.358060420463825,"calibration","Simstrat"
"356",22,"nmae",0.0395870784897787,"calibration","Simstrat"
"357",22,"mse",0.199534974513171,"calibration","Simstrat"
"358",22,"ame",1.14400005340576,"calibration","Simstrat"
"359",22,"mrme",0.00230786061412116,"calibration","Simstrat"
"360",22,"nme",0.00525127140396291,"calibration","Simstrat"
"361",27,"rmse",0.561752047474668,"calibration","Simstrat"
"362",27,"nse",0.955810448264628,"calibration","Simstrat"
"363",27,"r",0.986764218006249,"calibration","Simstrat"
"364",27,"bias",0.144415158238904,"calibration","Simstrat"
"365",27,"mae",0.44261130760456,"calibration","Simstrat"
"366",27,"nmae",0.0473269526844643,"calibration","Simstrat"
"367",27,"mse",0.315565362841982,"calibration","Simstrat"
"368",27,"ame",1.51599979400635,"calibration","Simstrat"
"369",27,"mrme",0.00856679763247259,"calibration","Simstrat"
"370",27,"nme",0.0154213637167185,"calibration","Simstrat"
"371",32,"rmse",0.735720160442341,"calibration","Simstrat"
"372",32,"nse",0.914303739574095,"calibration","Simstrat"
"373",32,"r",0.98030497235544,"calibration","Simstrat"
"374",32,"bias",0.249591981295882,"calibration","Simstrat"
"375",32,"mae",0.529127153857001,"calibration","Simstrat"
"376",32,"nmae",0.055384933695935,"calibration","Simstrat"
"377",32,"mse",0.541284154481304,"calibration","Simstrat"
"378",32,"ame",2.63900089263916,"calibration","Simstrat"
"379",32,"mrme",0.0173413339357008,"calibration","Simstrat"
"380",32,"nme",0.0270431709506806,"calibration","Simstrat"
"381",42,"rmse",0.939517381818191,"calibration","Simstrat"
"382",42,"nse",0.844733899652748,"calibration","Simstrat"
"383",42,"r",0.973485919912615,"calibration","Simstrat"
"384",42,"bias",0.447419584208521,"calibration","Simstrat"
"385",42,"mae",0.660113920672186,"calibration","Simstrat"
"386",42,"nmae",0.0678514196784667,"calibration","Simstrat"
"387",42,"mse",0.882692910738508,"calibration","Simstrat"
"388",42,"ame",3.29699993133545,"calibration","Simstrat"
"389",42,"mrme",0.0381058099459861,"calibration","Simstrat"
"390",42,"nme",0.0495973774345878,"calibration","Simstrat"
"391",0.9,"rmse",0.793715865284922,"calibration","FLake"
"392",0.9,"nse",0.9701466865119,"calibration","FLake"
"393",0.9,"r",0.990419385907196,"calibration","FLake"
"394",0.9,"bias",-0.412404635334542,"calibration","FLake"
"395",0.9,"mae",0.645477805348391,"calibration","FLake"
"396",0.9,"nmae",0.0635927346947915,"calibration","FLake"
"397",0.9,"mse",0.629984874804992,"calibration","FLake"
"398",0.9,"ame",2.80980110168457,"calibration","FLake"
"399",0.9,"mrme",-0.0479638472503151,"calibration","FLake"
"400",0.9,"nme",-0.0363601835645428,"calibration","FLake"
"401",2.5,"rmse",0.742197860684137,"calibration","FLake"
"402",2.5,"nse",0.973465507091095,"calibration","FLake"
"403",2.5,"r",0.989669414095116,"calibration","FLake"
"404",2.5,"bias",-0.213522031162325,"calibration","FLake"
"405",2.5,"mae",0.56725558918484,"calibration","FLake"
"406",2.5,"nmae",0.0531495190664286,"calibration","FLake"
"407",2.5,"mse",0.550857664404109,"calibration","FLake"
"408",2.5,"ame",2.43819999694824,"calibration","FLake"
"409",2.5,"mrme",-0.0284733969373884,"calibration","FLake"
"410",2.5,"nme",-0.0191614344785905,"calibration","FLake"
"411",5,"rmse",0.844104314069904,"calibration","FLake"
"412",5,"nse",0.96275355747713,"calibration","FLake"
"413",5,"r",0.983140467184924,"calibration","FLake"
"414",5,"bias",-0.167381200342547,"calibration","FLake"
"415",5,"mae",0.606456001160553,"calibration","FLake"
"416",5,"nmae",0.0538450368469083,"calibration","FLake"
"417",5,"mse",0.712512093031424,"calibration","FLake"
"418",5,"ame",3.97920036315918,"calibration","FLake"
"419",5,"mrme",-0.0204751627590368,"calibration","FLake"
"420",5,"nme",-0.015329788869468,"calibration","FLake"
"421",8,"rmse",2.03571786472536,"calibration","FLake"
"422",8,"nse",0.754094849700885,"calibration","FLake"
"423",8,"r",0.953549869591589,"calibration","FLake"
"424",8,"bias",-1.31731555804363,"calibration","FLake"
"425",8,"mae",1.37972980112002,"calibration","FLake"
"426",8,"nmae",0.102838819956293,"calibration","FLake"
"427",8,"mse",4.14414722476198,"calibration","FLake"
"428",8,"ame",5.82975578308105,"calibration","FLake"
"429",8,"mrme",-0.0961274265306917,"calibration","FLake"
"430",8,"nme",-0.122887730027785,"calibration","FLake"
"431",11,"rmse",3.14259940011855,"calibration","FLake"
"432",11,"nse",0.349253317243554,"calibration","FLake"
"433",11,"r",0.898951248258791,"calibration","FLake"
"434",11,"bias",-2.15841444816379,"calibration","FLake"
"435",11,"mae",2.18658601249779,"calibration","FLake"
"436",11,"nmae",0.161315224983841,"calibration","FLake"
"437",11,"mse",9.87593098962548,"calibration","FLake"
"438",11,"ame",7.51008605957031,"calibration","FLake"
"439",11,"mrme",-0.157096329289936,"calibration","FLake"
"440",11,"nme",-0.206059726679143,"calibration","FLake"
"441",14,"rmse",3.41368855245,"calibration","FLake"
"442",14,"nse",0.103418032751888,"calibration","FLake"
"443",14,"r",0.871478647429122,"calibration","FLake"
"444",14,"bias",-2.45039217643316,"calibration","FLake"
"445",14,"mae",2.47237281772972,"calibration","FLake"
"446",14,"nmae",0.191744033972115,"calibration","FLake"
"447",14,"mse",11.6532695331282,"calibration","FLake"
"448",14,"ame",7.75124740600586,"calibration","FLake"
"449",14,"mrme",-0.187787672875733,"calibration","FLake"
"450",14,"nme",-0.240908011123231,"calibration","FLake"
"451",16,"rmse",3.3057485707517,"calibration","FLake"
"452",16,"nse",0.0563927566860716,"calibration","FLake"
"453",16,"r",0.892172559199547,"calibration","FLake"
"454",16,"bias",-2.46827924910171,"calibration","FLake"
"455",16,"mae",2.48116214828597,"calibration","FLake"
"456",16,"nmae",0.200456346279535,"calibration","FLake"
"457",16,"mse",10.9279736130269,"calibration","FLake"
"458",16,"ame",7.33221054077148,"calibration","FLake"
"459",16,"mrme",-0.198088475087595,"calibration","FLake"
"460",16,"nme",-0.246316240345889,"calibration","FLake"
"461",18,"rmse",NA,"calibration","FLake"
"462",18,"nse",NA,"calibration","FLake"
"463",18,"r",NA,"calibration","FLake"
"464",18,"bias",NA,"calibration","FLake"
"465",18,"mae",NA,"calibration","FLake"
"466",18,"nmae",NA,"calibration","FLake"
"467",18,"mse",NA,"calibration","FLake"
"468",18,"ame",-Inf,"calibration","FLake"
"469",18,"mrme",NA,"calibration","FLake"
"470",18,"nme",NA,"calibration","FLake"
"471",20,"rmse",NA,"calibration","FLake"
"472",20,"nse",NA,"calibration","FLake"
"473",20,"r",NA,"calibration","FLake"
"474",20,"bias",NA,"calibration","FLake"
"475",20,"mae",NA,"calibration","FLake"
"476",20,"nmae",NA,"calibration","FLake"
"477",20,"mse",NA,"calibration","FLake"
"478",20,"ame",-Inf,"calibration","FLake"
"479",20,"mrme",NA,"calibration","FLake"
"480",20,"nme",NA,"calibration","FLake"
"481",22,"rmse",NA,"calibration","FLake"
"482",22,"nse",NA,"calibration","FLake"
"483",22,"r",NA,"calibration","FLake"
"484",22,"bias",NA,"calibration","FLake"
"485",22,"mae",NA,"calibration","FLake"
"486",22,"nmae",NA,"calibration","FLake"
"487",22,"mse",NA,"calibration","FLake"
"488",22,"ame",-Inf,"calibration","FLake"
"489",22,"mrme",NA,"calibration","FLake"
"490",22,"nme",NA,"calibration","FLake"
"491",27,"rmse",NA,"calibration","FLake"
"492",27,"nse",NA,"calibration","FLake"
"493",27,"r",NA,"calibration","FLake"
"494",27,"bias",NA,"calibration","FLake"
"495",27,"mae",NA,"calibration","FLake"
"496",27,"nmae",NA,"calibration","FLake"
"497",27,"mse",NA,"calibration","FLake"
"498",27,"ame",-Inf,"calibration","FLake"
"499",27,"mrme",NA,"calibration","FLake"
"500",27,"nme",NA,"calibration","FLake"
"501",32,"rmse",NA,"calibration","FLake"
"502",32,"nse",NA,"calibration","FLake"
"503",32,"r",NA,"calibration","FLake"
"504",32,"bias",NA,"calibration","FLake"
"505",32,"mae",NA,"calibration","FLake"
"506",32,"nmae",NA,"calibration","FLake"
"507",32,"mse",NA,"calibration","FLake"
"508",32,"ame",-Inf,"calibration","FLake"
"509",32,"mrme",NA,"calibration","FLake"
"510",32,"nme",NA,"calibration","FLake"
"511",42,"rmse",NA,"calibration","FLake"
"512",42,"nse",NA,"calibration","FLake"
"513",42,"r",NA,"calibration","FLake"
"514",42,"bias",NA,"calibration","FLake"
"515",42,"mae",NA,"calibration","FLake"
"516",42,"nmae",NA,"calibration","FLake"
"517",42,"mse",NA,"calibration","FLake"
"518",42,"ame",-Inf,"calibration","FLake"
"519",42,"mrme",NA,"calibration","FLake"
"520",42,"nme",NA,"calibration","FLake"
